code,system
G755.00,readv2
G755z00,readv2
N200.00,readv2
Nyu4100,readv2
G756100,readv2
G756z00,readv2
G751.00,readv2
G751z00,readv2
K425200,readv2
AD61.00,readv2
F483511,readv2
F4A5111,readv2
N148000,readv2
N148700,readv2
N117.00,readv2
N146200,readv2
388p.00,readv2
F552100,readv2
J016.00,readv2
N146000,readv2
N146100,readv2
F552000,readv2
N100.00,readv2
G757.11,readv2
G674.00,readv2
G755000,readv2
G755100,readv2
G42y000,readv2
N012011,readv2
N012.00,readv2
G756000,readv2
G759.00,readv2
N045000,readv2
J046000,readv2
N085611,readv2
N085L00,readv2
N085.00,readv2
N085511,readv2
N085z00,readv2
N085K00,readv2
N085U00,readv2
N085100,readv2
N085500,readv2
F371100,readv2
K01x300,readv2
F396300,readv2
G750.00,readv2
G752.00,readv2
G752z00,readv2
G750.11,readv2
G766.00,readv2
N085000,readv2
N085800,readv2
N012000,readv2
G731.00,readv2
G731z00,readv2
N085S00,readv2
N085F00,readv2
N085R00,readv2
N085M00,readv2
N085G00,readv2
N085300,readv2
N085P00,readv2
N085400,readv2
N085600,readv2
N085C00,readv2
N085200,readv2
N148A00,readv2
N148.00,readv2
N148400,readv2
N148300,readv2
N148B00,readv2
N148100,readv2
N148800,readv2
N148C00,readv2
N148500,readv2
N148600,readv2
N085900,readv2
N012x00,readv2
C332100,readv2
M2y0200,readv2
F421E00,readv2
M152.11,readv2
N040N00,readv2
G76B.00,readv2
G75..00,readv2
G75z.00,readv2
N10y000,readv2
N10y.00,readv2
N10yz00,readv2
N10..00,readv2
G752111,readv2
G752112,readv2
N085700,readv2
N012700,readv2
N085Q00,readv2
N085711,readv2
G754.00,readv2
N10z.00,readv2
N101.00,readv2
43b2.00,readv2
N102.00,readv2
N100.11,readv2
N148900,readv2
N148200,readv2
N14z.11,readv2
Myu7G00,readv2
M2y0X00,readv2
Myu7A00,readv2
G757.00,readv2
G751000,readv2
G752000,readv2
G75A.00,readv2
G752.11,readv2